"rep","n","probs","quants","model","comp","uwd1","uwd1o","uwd2","ks","kld","tv"
1,2000,5,19,"cltn5",5,0.0237086745203702,0.263281399219117,0.000604356212662246,0.0319733451144946,0.34963496565564,0.362867779878772
1,2000,5,19,"clt5",5,0.0198165505180383,0.25984853556272,0.000370374807824347,0.0319393406364025,0.419541901546803,0.39634374107077
1,2000,5,19,"cltn4",4,0.0136938103079813,0.205161264538643,0.000166360426833665,0.0198145456140417,0.236358601241785,0.295086809814995
1,2000,5,19,"clt4",4,0.0317194087254735,0.216402746950673,0.000954817572059696,0.0414363993462926,0.277331938221083,0.321670216529577
1,2000,5,19,"cltn3",3,0.0440220531908002,0.146190389559655,0.00207784411711356,0.0551504047701267,0.182667929737016,0.248975104292466
1,2000,5,19,"clt3",3,0.0239176852266666,0.148266706775364,0.000634957683849531,0.0311086838218195,0.142860782196396,0.207621861927194
1,2000,5,19,"cltn2",2,0.0341756492677332,0.0179630911742246,0.00117956239345758,0.0389479134529299,0.01907841688161,0.038499550521175
1,2000,5,19,"clt2",2,0.0234099778980426,0.0188929137812677,0.000620074949478935,0.0326700441625487,0.0193587717176462,0.0385921773410916
1,2000,5,19,"cltn1",1,0.0581733535878161,0.0550328151953574,0.00388636579151603,0.0701772730284663,0.10419006748621,0.124563760335568
1,2000,5,19,"clt1",1,0.0483535041002366,0.0550779191183066,0.00228362330014134,0.0475952224102144,0.104546047548283,0.124540337323946
2,2000,5,19,"cltn5",5,0.0256242489167775,0.255020990469905,0.000636428024943336,0.030169299077346,0.423066151990615,0.385674884768808
2,2000,5,19,"clt5",5,0.0212887048063826,0.242219662593789,0.000546767739757473,0.0321159347469726,0.356068922752432,0.349326382626064
2,2000,5,19,"cltn4",4,0.0253138554062804,0.17309858137296,0.000795789076542845,0.0386534761054073,0.199837085773869,0.248593102153911
2,2000,5,19,"clt4",4,0.0182794834135847,0.262069313290999,0.000345352310411006,0.0237705700380496,0.416489897699723,0.385760392200914
2,2000,5,19,"cltn3",3,0.00933418567868477,0.213218413042899,9.64385198732144e-05,0.0160374417472405,0.293564958052483,0.322203953969187
2,2000,5,19,"clt3",3,0.0223427891770909,0.16258365723228,0.000482915307108569,0.0289767204315648,0.180538041583,0.2240114062225
2,2000,5,19,"cltn2",2,0.0189420332916439,0.00821148952513814,0.000436483084279342,0.032222046096956,0.0124743486224112,0.035081686088955
2,2000,5,19,"clt2",2,0.0358874417581946,0.0114189973998322,0.00134003320874864,0.0397321683296627,0.00988172827680544,0.0373190590179225
2,2000,5,19,"cltn1",1,0.0436122555264908,0.045478401645192,0.00181985841242862,0.0435364339437395,0.0892290410269059,0.117949637319603
2,2000,5,19,"clt1",1,0.0497368812294411,0.0463619123456247,0.00255044572776272,0.051571551860937,0.0875628417678992,0.118554183681288
3,2000,5,19,"cltn5",5,0.0264731916760546,0.204922983699353,0.00066916871766883,0.0293178001861393,0.21659905232714,0.290753869680275
3,2000,5,19,"clt5",5,0.0365289461563704,0.215717679968583,0.00132665882311966,0.0411947586347935,0.224072818950287,0.278281197380894
3,2000,5,19,"cltn4",4,0.0261697327606814,0.21773196111726,0.000648788558056372,0.0286749054001021,0.270053175329399,0.329821401834813
3,2000,5,19,"clt4",4,0.0337646545966572,0.183748417948906,0.00133917430463717,0.046504210492919,0.193678187301019,0.256803504629464
3,2000,5,19,"cltn3",3,0.0210100736942257,0.165700957105761,0.000527259302594297,0.0290388944223082,0.16743532334518,0.24386422436622
3,2000,5,19,"clt3",3,0.0165734230343883,0.175887986119252,0.000290663873339347,0.0238356148411308,0.166293051919995,0.262761259463285
3,2000,5,19,"cltn2",2,0.0132160032610682,0.00715749482194902,0.000178005589836082,0.0216924357302291,0.0217501611630738,0.0353292834232087
3,2000,5,19,"clt2",2,0.0109959239007713,0.00796719020837421,0.000136444494995908,0.0211423882650557,0.0206888016011118,0.0352192829903885
3,2000,5,19,"cltn1",1,0.0506095635181962,0.0499149892784905,0.00244025442775027,0.0509902194847913,0.104852374419979,0.121028143444034
3,2000,5,19,"clt1",1,0.0448305486699815,0.050371579108595,0.0020366231668215,0.0540805629891805,0.103908324097512,0.121359682370139
4,2000,5,19,"cltn5",5,0.0262396730372334,0.22557489920243,0.000752261360557766,0.0348985043026315,0.356184689899042,0.342429481260503
4,2000,5,19,"clt5",5,0.0350586107173123,0.268048472708553,0.00124129678117369,0.0435553829458876,0.419095786746246,0.37277818229136
4,2000,5,19,"cltn4",4,0.0323878912429244,0.197079192941805,0.00109224526066387,0.0391006097573134,0.275791117834589,0.282146955701309
4,2000,5,19,"clt4",4,0.0259812803491634,0.172993949471457,0.000750783136066309,0.0383511822836807,0.209662562511873,0.253703871404256
4,2000,5,19,"cltn3",3,0.0178805400035634,0.142651107653938,0.000422948801821925,0.0292194720795719,0.194145891756133,0.234983865589894
4,2000,5,19,"clt3",3,0.0523124623871804,0.122469663576349,0.00269300151395606,0.0578247275790802,0.140642406555619,0.187099262067611
4,2000,5,19,"cltn2",2,0.0412645974932124,0.0259220862316953,0.00167752297950455,0.0476745075018267,0.0101748899151853,0.0401850187006697
4,2000,5,19,"clt2",2,0.0110015286947605,0.0242618400248776,0.000126007948669522,0.0152300892394637,0.00929485960484853,0.0393461662600693
4,2000,5,19,"cltn1",1,0.0885129842818279,0.0504482244213427,0.0100486418024353,0.115709155404984,0.075393754001058,0.119044620564364
4,2000,5,19,"clt1",1,0.0567183318436291,0.0497960577051867,0.00361014680198792,0.0690583632459567,0.0745684583292255,0.11908225865776
5,2000,5,19,"cltn5",5,0.0182900339990654,0.274568133064773,0.000344571739767184,0.0214990916774426,0.430348819474278,0.403056078826346
5,2000,5,19,"clt5",5,0.0106612905828636,0.229597901930543,0.000131474798926268,0.02037761903193,0.291161249468755,0.333070653774375
5,2000,5,19,"cltn4",4,0.0373554314480779,0.238850531656714,0.00145284280815856,0.03915983819452,0.318284084206096,0.351005148822751
5,2000,5,19,"clt4",4,0.0173015207088735,0.198751917779513,0.000297739987062763,0.0229813244230186,0.225027833422315,0.297035360341233
5,2000,5,19,"cltn3",3,0.0126445901014353,0.16031941449391,0.000173715830287589,0.0189454641690075,0.136258496926082,0.214698096872915
5,2000,5,19,"clt3",3,0.0102411888354835,0.110418303923797,0.00013008646550228,0.0209601294678443,0.0739060721929365,0.143968243963065
5,2000,5,19,"cltn2",2,0.0259568069793112,0.0119862347867306,0.000701144639799078,0.0332305430838362,0.0297142745118621,0.0356671886702321
5,2000,5,19,"clt2",2,0.0484981005558064,0.01325998851004,0.0026009656686984,0.059931259933278,0.0295750913462256,0.0357732436250692
5,2000,5,19,"cltn1",1,0.0482390137014284,0.0492963648810548,0.00275492321796813,0.0652686703154139,0.1247398175995,0.12059335313968
5,2000,5,19,"clt1",1,0.0561735167903943,0.0496831245179581,0.00340850512024273,0.0688616271157062,0.123886175594633,0.120855766884367
6,2000,5,19,"cltn5",5,0.0145560771641686,0.286823177844433,0.00021782208600121,0.0246897223374077,0.321094602904273,0.32156289128287
6,2000,5,19,"clt5",5,0.0508246981693578,0.403473097331475,0.00262205083471451,0.0515483558539285,0.517531968794699,0.428278339260247
6,2000,5,19,"cltn4",4,0.0128574308126926,0.218006447106769,0.000171923281620248,0.0184093708241747,0.199022150279019,0.229803457233701
6,2000,5,19,"clt4",4,0.0165915415286914,0.323733227503952,0.000344642689806383,0.0261794081414827,0.406156475576465,0.379889154237722
6,2000,5,19,"cltn3",3,0.0247324918358716,0.0120250689467314,0.000716500422894808,0.0359463006504293,0.0124963854635022,0.0399185245105718
6,2000,5,19,"clt3",3,0.0102292311488811,0.229595362691073,0.000116755493454051,0.017285006606863,0.161689586826501,0.233794234709279
6,2000,5,19,"cltn2",2,0.0160202820256908,0.00777164754657902,0.000344866765885917,0.02923586120476,0.00496028888056593,0.0377663282035687
6,2000,5,19,"clt2",2,0.0328211589740491,0.00757543022058552,0.00102411611304769,0.0336647456436698,0.00468351298260001,0.0381228709381458
6,2000,5,19,"cltn1",1,0.0460738821968189,0.0464217585492722,0.00225430719403703,0.0532030783012808,0.0781236256166846,0.118535496213751
6,2000,5,19,"clt1",1,0.0390793414770648,0.0456437115287756,0.00143550159381494,0.0451945456533026,0.0794996270610239,0.118034879507568
7,2000,5,19,"cltn5",5,0.0169851908575808,0.216924707421406,0.000333701584683263,0.0223419544358175,0.239940828529548,0.295033891956098
7,2000,5,19,"clt5",5,0.0132510014456817,0.313659774240873,0.000181163326763942,0.0169106008026967,0.358039686968656,0.358744304554458
7,2000,5,19,"cltn4",4,0.0152933659705758,0.220831565525959,0.000257908521292943,0.0224729726810448,0.230129379264096,0.289550294199806
7,2000,5,19,"clt4",4,0.0262038392652994,0.177430522990063,0.00078116947002254,0.0349701654787423,0.162762519419568,0.233163349976881
7,2000,5,19,"cltn3",3,0.0123452122787245,0.151373225695998,0.000228590093003055,0.0279754203687279,0.17130249405302,0.216761943349721
7,2000,5,19,"clt3",3,0.0156727520687347,0.177095516514772,0.00031780667743139,0.0226700122881991,0.158803907497983,0.262370171275472
7,2000,5,19,"cltn2",2,0.0192593005214916,0.00727311759017101,0.000452972902925188,0.0261089808953636,0.00148740075750643,0.0370636505137698
7,2000,5,19,"clt2",2,0.0424772047494251,0.00694050279429123,0.00170650009220969,0.045889644634879,0.00127155404560889,0.0373171670966684
7,2000,5,19,"cltn1",1,0.0581087488989715,0.0476536067335952,0.00355965826545873,0.0684489929669764,0.0503708513703319,0.119437233931236
7,2000,5,19,"clt1",1,0.0493067877297257,0.0476823417762151,0.00233456070876369,0.0464236860436853,0.0504736371952544,0.119450566430732
8,2000,5,19,"cltn5",5,0.0379306143087261,0.264475353800649,0.00140925686062381,0.0467827666175115,0.322988250422399,0.353765094252901
8,2000,5,19,"clt5",5,0.0192901873000801,0.338861582075685,0.00036586944556471,0.0267458367213524,0.45670347441884,0.420611249095869
8,2000,5,19,"cltn4",4,0.014237189641779,0.264680234140945,0.000255675109648573,0.0262736922297718,0.373388045668551,0.385853334271851
8,2000,5,19,"clt4",4,0.0223872803893878,0.243324942000446,0.000655029814758576,0.0387447379490132,0.313154764295039,0.342511902618958
8,2000,5,19,"cltn3",3,0.0206951751335103,0.0182563047864865,0.000498048002756978,0.0323399354510683,0.0526758973208824,0.0629428371893015
8,2000,5,19,"clt3",3,0.0167291145372647,0.250071281553285,0.000280522551831527,0.0220863175805602,0.336848312958553,0.361530453464472
8,2000,5,19,"cltn2",2,0.0168206990897802,0.019764947677533,0.000274173792989207,0.026063824458781,0.0286278170699373,0.0356837326319866
8,2000,5,19,"clt2",2,0.0180686117354525,0.0588034880182992,0.000302668184625821,0.0221620098535698,0.0622500021006221,0.116840907342125
8,2000,5,19,"cltn1",1,0.0575628167283621,0.0428813165868388,0.00367149594261262,0.0757709476487575,0.146379173891188,0.115748948342239
8,2000,5,19,"clt1",1,0.0479176836868993,0.0430931073784419,0.00277004546333886,0.0629547608705581,0.143931411961896,0.115985882373886
9,2000,5,19,"cltn5",5,0.0175479161609197,0.281174507926552,0.000314807481706484,0.0227016432897473,0.411188103689134,0.379971350315722
9,2000,5,19,"clt5",5,0.0177634059733667,0.320907334499682,0.000344605898487627,0.021643034623659,0.468482075509856,0.40357562850053
9,2000,5,19,"cltn4",4,0.0279978246401769,0.282455607324864,0.000705227372867238,0.032523674900347,0.376981229626807,0.362225367529661
9,2000,5,19,"clt4",4,0.0237366667763313,0.304505964824679,0.000628959764534063,0.0301703251130367,0.439842141208575,0.391974470219704
9,2000,5,19,"cltn3",3,0.0378181386600763,0.100649058501568,0.00121692747298251,0.0374469635551936,0.0835228080605319,0.132510471153518
9,2000,5,19,"clt3",3,0.0324974487160785,0.317970112271498,0.00113432781510533,0.0424952598870061,0.381020457115661,0.35093451621991
9,2000,5,19,"cltn2",2,0.0342484236837695,0.0101822601353781,0.00135697531173902,0.0438291493788336,0.0108753256081177,0.0350335716258506
9,2000,5,19,"clt2",2,0.0158482693579881,0.0221372475037217,0.00029904058935231,0.025281395849789,0.00718361874531746,0.046040438224531
9,2000,5,19,"cltn1",1,0.0506143105279188,0.0444941232570384,0.00251288829466531,0.0521824430622355,0.102684771459153,0.117330918530369
9,2000,5,19,"clt1",1,0.0395210347775263,0.0447626984176399,0.00152225665903517,0.051037213793837,0.101397595156303,0.117501257479665
10,2000,5,19,"cltn5",5,0.0200569390525352,0.40786289138299,0.000642194963693909,0.0354221675397325,0.435251397897785,0.403808892157795
10,2000,5,19,"clt5",5,0.0150541228990421,0.389069379096807,0.000306966791944551,0.0240165312192043,0.484984954389306,0.423560505041054
10,2000,5,19,"cltn4",4,0.0172193423229326,0.291647802582791,0.000346314835567574,0.0305656612445006,0.268077045246526,0.29561960297142
10,2000,5,19,"clt4",4,0.0254981254328478,0.456865885832839,0.000799175345510883,0.0419574255462851,0.496264109965293,0.430414094770852
10,2000,5,19,"cltn3",3,0.0176537321982229,0.298572563575072,0.00033276744370879,0.0330540566171359,0.235266836278444,0.24559085881335
10,2000,5,19,"clt3",3,0.0309043683405303,0.307818102121987,0.000899771834756955,0.0341525572484999,0.250697393041467,0.250293647065499
10,2000,5,19,"cltn2",2,0.0148382452375051,0.0105390795326454,0.000234549680534347,0.0242585454590312,0.0015877915217922,0.0358798875589279
10,2000,5,19,"clt2",2,0.0352134445497361,0.0335815896150026,0.00115204590521407,0.0351442926073762,0.0170321065873659,0.0636205608459728
10,2000,5,19,"cltn1",1,0.0486151237886816,0.0462102485683849,0.00232329345705535,0.0539836124226312,0.0450419159756919,0.118226144890055
10,2000,5,19,"clt1",1,0.054241481377826,0.0457778939481846,0.00355483895071489,0.0653813000770475,0.0451228452324405,0.118039532691658
11,2000,5,19,"cltn5",5,0.0392899408252723,0.250871362926841,0.00127893636786214,0.0355189371185154,0.389331717995658,0.37853541951211
11,2000,5,19,"clt5",5,0.0292431341587453,0.340493934068258,0.00101607453927167,0.0401126095204684,0.538195402942161,0.445129972071862
11,2000,5,19,"cltn4",4,0.0309155210958291,0.238114598683326,0.00108011337841762,0.0427314899447868,0.405039546243324,0.388594009626697
11,2000,5,19,"clt4",4,0.0225648505396766,0.248850860151729,0.000538863010446008,0.0316208970835743,0.374714225791674,0.375442956460334
11,2000,5,19,"cltn3",3,0.0103457105036904,0.0753338753106224,0.000123005023950386,0.0172925576855669,0.225218443359866,0.195905359922757
11,2000,5,19,"clt3",3,0.0406239726376598,0.263685080400522,0.00197758001570522,0.0495850785797393,0.42679930888807,0.399230000050951
11,2000,5,19,"cltn2",2,0.0346714060811709,0.0274319685764172,0.00156239564831378,0.0528082247694202,0.00978323218791088,0.0461582106907048
11,2000,5,19,"clt2",2,0.0273868688903589,0.0583316042157486,0.000853727508237187,0.0353093888530452,0.0883391486304968,0.113142973931647
11,2000,5,19,"cltn1",1,0.0474308745638997,0.0478630367751663,0.00242884123556225,0.057949526967927,0.0604795189378598,0.118993621355542
11,2000,5,19,"clt1",1,0.063732995854435,0.0475247085352373,0.0047111655318492,0.0769913751892692,0.0603733655319292,0.11888554166552
12,2000,5,19,"cltn5",5,0.0139965582612149,0.302854639681122,0.000282070801674059,0.026801344398537,0.383310807975459,0.385628195723778
12,2000,5,19,"clt5",5,0.0216345610617826,0.194143755525305,0.000446208865797298,0.0257884115981359,0.190414009333898,0.283583602893581
12,2000,5,19,"cltn4",4,0.0385264879698945,0.151526094353531,0.00180723709135005,0.0514166489839774,0.128570880308681,0.202498338254005
12,2000,5,19,"clt4",4,0.021646264022056,0.219553982877803,0.000486458059379691,0.0262218099911797,0.263894782461175,0.319011501840434
12,2000,5,19,"cltn3",3,0.00977419077648942,0.121614245574943,0.000112233758535271,0.0180058945774505,0.0807532152412426,0.159864819593578
12,2000,5,19,"clt3",3,0.0123665319581468,0.251206200319885,0.000175833397156125,0.0215556370915725,0.230392442868627,0.303193210482475
12,2000,5,19,"cltn2",2,0.0156827037590927,0.00666346237414479,0.000254085068545468,0.0221080244414601,0.0238394523345491,0.0368084886888529
12,2000,5,19,"clt2",2,0.0230674053183452,0.00668391934256091,0.000540417420432544,0.0285685458419562,0.0236724745725683,0.0368571838087047
12,2000,5,19,"cltn1",1,0.0464878601647207,0.0477655505514359,0.00248823308284516,0.0639458523925135,0.103481707452961,0.119461416530049
12,2000,5,19,"clt1",1,0.0555014253630563,0.0467330848230757,0.00310734657591518,0.0574214105207135,0.106532622131554,0.118730080196611
13,2000,5,19,"cltn5",5,0.0283173003892697,0.367852957494135,0.00131523641393675,0.0521444947616787,0.522135280927328,0.409825171402204
13,2000,5,19,"clt5",5,0.0245058929549338,0.320595005118022,0.000703832259262897,0.0378958294358809,0.557986911090532,0.427243220706399
13,2000,5,19,"cltn4",4,0.0333242372944995,0.307021486797982,0.0011265571508517,0.035633647726386,0.481643050355848,0.39482908607489
13,2000,5,19,"clt4",4,0.0313869049337923,0.257877460753375,0.00108558588197937,0.0430566021523722,0.294640688453441,0.282335492681861
13,2000,5,19,"cltn3",3,0.0292199921596102,0.189673798200625,0.00096961960167702,0.0401631970963033,0.221823958165487,0.258001135952082
13,2000,5,19,"clt3",3,0.018673706350596,0.203276250649834,0.000318544961553232,0.0195542901136669,0.238496560242969,0.265777450892429
13,2000,5,19,"cltn2",2,0.0415741399863903,0.0172511286443781,0.00145309572081114,0.0384635301823359,0.0175560160075737,0.0387315954882903
13,2000,5,19,"clt2",2,0.0232889223894075,0.0374745010437575,0.00070286725314304,0.0357463361795439,0.0238285397144005,0.0570838072989827
13,2000,5,19,"cltn1",1,0.0498119883618678,0.0485217137135584,0.00263385922354544,0.0652800732888025,0.0946467993284238,0.12004328296718
13,2000,5,19,"clt1",1,0.0494853108225162,0.0484060996624903,0.00229120742855954,0.0436850574888371,0.094743297511045,0.119955509312249
14,2000,5,19,"cltn5",5,0.0155040518395098,0.308629319281209,0.000267662527321714,0.0202859064844653,0.393563988109898,0.351034023920213
14,2000,5,19,"clt5",5,0.0233796122660758,0.275161073017722,0.000794601632687043,0.0440510688356998,0.378887138576988,0.351424760063835
14,2000,5,19,"cltn4",4,0.0498177472525851,0.339657568903206,0.00246065166588604,0.0535720052482931,0.446318310039039,0.383303054598077
14,2000,5,19,"clt4",4,0.0113037621286278,0.280805530745315,0.000156028583705297,0.0172460832839217,0.325295410486214,0.324153524462395
14,2000,5,19,"cltn3",3,0.0345965839037447,0.072496379812894,0.00113882675227177,0.0370443309030977,0.068326278147116,0.115133202234777
14,2000,5,19,"clt3",3,0.0180517192866627,0.279109840302955,0.000342064710470312,0.0273410513950165,0.386511626054079,0.354774630873025
14,2000,5,19,"cltn2",2,0.0231920028661962,0.0154763642226187,0.000515432200060072,0.0286324000897561,0.0072679779034968,0.0401917877789787
14,2000,5,19,"clt2",2,0.0170667053502548,0.0164610940293667,0.000295260810416947,0.0235526639190135,0.00749761209965916,0.0402114742498654
14,2000,5,19,"cltn1",1,0.0465736965380182,0.0475169939379145,0.00207019309541191,0.0517368600634118,0.101776211594621,0.118327462506736
14,2000,5,19,"clt1",1,0.0386103910360889,0.0482905117951448,0.00150140135324554,0.0443570234059809,0.0997463408275386,0.118987878777789
15,2000,5,19,"cltn5",5,0.0335278543395962,0.322022930728516,0.00102800879291152,0.0386950547877191,0.419806718905755,0.378678715869432
15,2000,5,19,"clt5",5,0.0496972823931763,0.382985760359356,0.00238456272937194,0.0519016622588886,0.511912289063458,0.420300694403934
15,2000,5,19,"cltn4",4,0.0384265989890496,0.347567799855507,0.00172874445533372,0.0505914858537226,0.445737398761029,0.387091800553184
15,2000,5,19,"clt4",4,0.0141236698077021,0.232383497889317,0.000254383355782245,0.0217177704846653,0.278102775833307,0.299554176684936
15,2000,5,19,"cltn3",3,0.0141645462750418,0.184718702261949,0.000262272061972079,0.0200376949465652,0.207439689545522,0.27032650003087
15,2000,5,19,"clt3",3,0.0191724752544891,0.205796522307345,0.000423044205164652,0.0240496366903853,0.234906221433457,0.285299752526901
15,2000,5,19,"cltn2",2,0.0180093056617621,0.0124857621246159,0.000378245381143558,0.0329363958954147,0.0069592609501861,0.0387771212869975
15,2000,5,19,"clt2",2,0.0243446611463227,0.0116441508994482,0.000634716423008936,0.0288821801071826,0.00679394192315155,0.0387048884895941
15,2000,5,19,"cltn1",1,0.0542174518341239,0.0465550076491867,0.00326322464796138,0.0698763619030507,0.0919368536740466,0.118676230823315
15,2000,5,19,"clt1",1,0.0592136694839735,0.0459088563382976,0.00353069678762837,0.0613126307505029,0.0931334693518359,0.118254158777613
16,2000,5,19,"cltn5",5,0.0166073316257127,0.349465421216982,0.000282933830893436,0.0228027161138565,0.351809176985605,0.345978201340822
16,2000,5,19,"clt5",5,0.0180660156480665,0.364510169761498,0.000346049766019542,0.0259671667124183,0.372299166038611,0.357818192163897
16,2000,5,19,"cltn4",4,0.00793637782030694,0.356119807100994,8.33552473784556e-05,0.014344690566813,0.369140576617804,0.370185238350283
16,2000,5,19,"clt4",4,0.0294823512677011,0.382543464741894,0.000932059814233571,0.0366908354744794,0.348518474653774,0.343723892183973
16,2000,5,19,"cltn3",3,0.0301699770517036,0.462032496846096,0.000943873068757472,0.0351999509109139,0.420557724299883,0.382779424597283
16,2000,5,19,"clt3",3,0.0228928108588088,0.225440349907618,0.000553911568886597,0.0329548727899987,0.135830570894887,0.187065634846929
16,2000,5,19,"cltn2",2,0.0603403921855889,0.0181897512216821,0.00384762424809353,0.0680051090160428,0.00914121280908607,0.0376388093955278
16,2000,5,19,"clt2",2,0.0455630630964137,0.0181648102514354,0.00189198557907881,0.0411908331430335,0.00908138149614831,0.0374288665539406
16,2000,5,19,"cltn1",1,0.0477380007277014,0.0535567261635719,0.00226997132372303,0.0461760837030234,0.0594293703509951,0.123679053719074
16,2000,5,19,"clt1",1,0.0636988175877879,0.0522627546024416,0.00420837061243581,0.0686372501155745,0.060690024384308,0.122676316633114
17,2000,5,19,"cltn5",5,0.0232305579791178,0.328531145103076,0.00065047545047867,0.035260628951699,0.389434925093849,0.369634858891491
17,2000,5,19,"clt5",5,0.014762617411492,0.339837891344391,0.000238102767999094,0.0263665688554371,0.43437793230146,0.390126092508386
17,2000,5,19,"cltn4",4,0.0225296792449836,0.330893693488004,0.000603994428932522,0.026547644589949,0.344003618542022,0.353918740331551
17,2000,5,19,"clt4",4,0.0267676568604073,0.262758964177812,0.000743783767099773,0.0306185996181971,0.30721052356317,0.329544571110104
17,2000,5,19,"cltn3",3,0.0317756331791843,0.212439351309772,0.00141659918511234,0.0512305062760289,0.164599374410979,0.233180846777893
17,2000,5,19,"clt3",3,0.0172340916843103,0.260092697632586,0.000335200441651561,0.0217812943453768,0.253198969982372,0.298531918920083
17,2000,5,19,"cltn2",2,0.0243510745412144,0.0180806515220552,0.000725087413268415,0.033053601296283,0.0173123183627144,0.0405961260221624
17,2000,5,19,"clt2",2,0.0197539139219663,0.0275902179855934,0.000429634013062356,0.0239217850787373,0.0137261689853296,0.0453149624589148
17,2000,5,19,"cltn1",1,0.0633446012036807,0.0534505525705697,0.00441856737327279,0.0735029701749065,0.0887172243349443,0.123460861215172
17,2000,5,19,"clt1",1,0.0723178915944574,0.0529859213322189,0.00532653172814866,0.0746739417328985,0.0893355998550435,0.123096181229762
18,2000,5,19,"cltn5",5,0.0191621329784093,0.296719613257402,0.00042699072853767,0.0319797198028179,0.41879865212515,0.375631004828022
18,2000,5,19,"clt5",5,0.0318792072487167,0.305822690263741,0.00097239852856642,0.034793244523834,0.560213765599425,0.437656565707658
18,2000,5,19,"cltn4",4,0.029776853571489,0.163641209109145,0.000911531460023483,0.0363412376093091,0.172202430165003,0.240408908908337
18,2000,5,19,"clt4",4,0.023713978468569,0.134140522410285,0.000531243785496417,0.0289991640279915,0.136075157388123,0.176311417031467
18,2000,5,19,"cltn3",3,0.0216371948159587,0.181994660807501,0.000462547751649731,0.0254644709005099,0.292682984222207,0.311902995216332
18,2000,5,19,"clt3",3,0.0222162004021155,0.13482543207421,0.000644731266211749,0.0361392260086049,0.152388289965564,0.202320004732295
18,2000,5,19,"cltn2",2,0.0264801504000216,0.0249536706942291,0.000910944035045019,0.0433802506242763,0.0185227899258239,0.0514445095130344
18,2000,5,19,"clt2",2,0.0272536929836984,0.0254628178901438,0.000858159986463952,0.0351073468047868,0.0164571603655148,0.0496754427404422
18,2000,5,19,"cltn1",1,0.0468649677715702,0.0538152459838896,0.00263652202397051,0.062858580323599,0.06687032930501,0.123714216096472
18,2000,5,19,"clt1",1,0.0736217387061821,0.0533007310879236,0.00618483914623266,0.085331956976241,0.0673407490806717,0.123276529609418
19,2000,5,19,"cltn5",5,0.0128479341534684,0.339522370789078,0.000172876731679778,0.0169340420753478,0.330361619217869,0.337526026512328
19,2000,5,19,"clt5",5,0.0213100377127192,0.256830498344343,0.000572198432563591,0.0376545728989955,0.312493519069691,0.345613993036646
19,2000,5,19,"cltn4",4,0.0382017658475061,0.2380941374225,0.00148351854367634,0.0462613302655865,0.291892936568617,0.337217558949901
19,2000,5,19,"clt4",4,0.013527447528823,0.149358184731649,0.000179129259609787,0.0204326712675935,0.111625599888207,0.19265811298259
19,2000,5,19,"cltn3",3,0.0197713310204374,0.169810428949751,0.000495316118051451,0.0307472646793788,0.16437747257947,0.258091386887707
19,2000,5,19,"clt3",3,0.0280566572043429,0.10646148144673,0.000837503133953,0.0338719182910745,0.0590292258572019,0.147092373654471
19,2000,5,19,"cltn2",2,0.020351011499963,0.0124963630707225,0.00045864298871651,0.0303451012657886,0.0179390286586358,0.0365870493388519
19,2000,5,19,"clt2",2,0.0169745763076231,0.0120946118145049,0.000315002726986391,0.0291644538874604,0.0182992678968151,0.0364805381249897
19,2000,5,19,"cltn1",1,0.050250599478459,0.0532331217605037,0.00260389024028999,0.0603154894333939,0.131145826815654,0.122984399619733
19,2000,5,19,"clt1",1,0.0482761577321843,0.0534653586567026,0.00263891212003013,0.0593747490258385,0.130491649292078,0.123169064001375
20,2000,5,19,"cltn5",5,0.0239321652556838,0.333264077768905,0.000629516804824999,0.0313960238979371,0.48386898840713,0.40203868619665
20,2000,5,19,"clt5",5,0.0256005810338976,0.258031683916303,0.000634331928699782,0.0296461903829405,0.382502489001846,0.357419748177237
20,2000,5,19,"cltn4",4,0.015425404990263,0.253599972700611,0.00033433267443409,0.0276681423151584,0.339731446697626,0.335404398001604
20,2000,5,19,"clt4",4,0.0130336646419914,0.18681136213839,0.000212040448143035,0.0198335383854662,0.236074337259956,0.274169901245516
20,2000,5,19,"cltn3",3,0.0328672885519762,0.187667634132745,0.00120988559600923,0.0438764131572628,0.22659215195007,0.274617500689909
20,2000,5,19,"clt3",3,0.0289188023513045,0.182409581978704,0.000736268151923063,0.0255478169289906,0.224112114448542,0.275918542468055
20,2000,5,19,"cltn2",2,0.0166917122712255,0.0204437301051707,0.000376680372398171,0.0308980382981615,0.00429082146552561,0.0389717351617886
20,2000,5,19,"clt2",2,0.0277860429611856,0.0205242069678779,0.000729968390819373,0.0286230510684852,0.00362415266973773,0.0382580576691873
20,2000,5,19,"cltn1",1,0.0430191316955508,0.0489871632280328,0.00180015858231974,0.0459434492233862,0.0511352037176323,0.120082633674992
20,2000,5,19,"clt1",1,0.0531570703245114,0.0489188679681348,0.00362591220931817,0.0672909540474017,0.0509690742015972,0.120127121246046
21,2000,5,19,"cltn5",5,0.0326592581634621,0.227304142853883,0.0010925710515159,0.0463936385930708,0.237597661890759,0.265240571316239
21,2000,5,19,"clt5",5,0.024709390147141,0.299718310682978,0.000647011312713736,0.0292051176532054,0.460302347830593,0.407698102196468
21,2000,5,19,"cltn4",4,0.0126665094956336,0.324012231808678,0.000183425662565065,0.0183099347607621,0.445903783938192,0.39883136734536
21,2000,5,19,"clt4",4,0.0158559834436446,0.276215910867612,0.000254303805459532,0.0208209377445142,0.397619225903996,0.379122380304038
21,2000,5,19,"cltn3",3,0.0347034002878003,0.165809878498234,0.00112176665433172,0.0349118924148444,0.156515226113659,0.216780831421929
21,2000,5,19,"clt3",3,0.0222911259463801,0.0884595434938194,0.00044343787618291,0.0308174800585898,0.0795143602723058,0.125750292201516
21,2000,5,19,"cltn2",2,0.0340462304654307,0.0200512989428378,0.00108179902669426,0.0320723173110162,0.0124172416851994,0.0381286211628572
21,2000,5,19,"clt2",2,0.0148742817980983,0.0195897959567622,0.000212578899136407,0.0191902782760218,0.0123359767482757,0.0378231146036667
21,2000,5,19,"cltn1",1,0.0673352424792184,0.0517234187674678,0.00461213121582344,0.0677764127975885,0.10234402036957,0.121553137037659
21,2000,5,19,"clt1",1,0.0665342842505679,0.0518003699574335,0.0051181785600169,0.0806964757413287,0.102034024242019,0.121623910797439
22,2000,5,19,"cltn5",5,0.0141241866101049,0.269542943483179,0.000220263117547731,0.0234009960788576,0.41363406648514,0.393061881661292
22,2000,5,19,"clt5",5,0.0297607469270898,0.278325705995136,0.000867138380716285,0.0321727787865357,0.424012378550687,0.390587269130095
22,2000,5,19,"cltn4",4,0.0273364294271831,0.218115604596534,0.00085533464307624,0.0331474536718936,0.287128772598983,0.32801075253326
22,2000,5,19,"clt4",4,0.0266904632577872,0.247253598899034,0.000663862715783835,0.0308511605712402,0.367934828101661,0.372769587379705
22,2000,5,19,"cltn3",3,0.0292324424240499,0.199830653133237,0.00102461126861283,0.0420220217844166,0.233692566340134,0.294832473422483
22,2000,5,19,"clt3",3,0.0246051872284885,0.164587260129194,0.00096023309256804,0.0438873586413858,0.17464382002507,0.235836072912954
22,2000,5,19,"cltn2",2,0.0202397881249259,0.018015543673307,0.000405300623205068,0.0221861410649478,0.0117569495193695,0.0383290711329797
22,2000,5,19,"clt2",2,0.0326129797887221,0.0354930167595428,0.00102483406689049,0.0362671327659441,0.0157755684989231,0.0547873998925242
22,2000,5,19,"cltn1",1,0.0600758799015615,0.0504170855771323,0.00406777152755692,0.0732809112749895,0.083359425366703,0.121329024233703
22,2000,5,19,"clt1",1,0.0441712918095866,0.0509760328071612,0.00205416070807134,0.0500542311617522,0.0826240227395235,0.121710584577869
23,2000,5,19,"cltn5",5,0.0210902547565438,0.251296975280272,0.000471067790475806,0.0253538789582207,0.335231705546917,0.358917453002473
23,2000,5,19,"clt5",5,0.0208886674282116,0.283413848432416,0.000480072697580307,0.0244795115078107,0.379642402528016,0.37753307041269
23,2000,5,19,"cltn4",4,0.0185286915904103,0.237039675392172,0.000498306270009976,0.0385639877526385,0.263312749430725,0.311481111118824
23,2000,5,19,"clt4",4,0.0262636280561645,0.195821279638794,0.000653260630004823,0.0306643137306554,0.204325051867306,0.275469710230555
23,2000,5,19,"cltn3",3,0.0200268317176262,0.134696350746571,0.000427926615219881,0.0284039438169447,0.0924564373407035,0.19321947242803
23,2000,5,19,"clt3",3,0.0109668061398739,0.149158627142444,0.000120165593907617,0.0157507985095624,0.123321606672463,0.217231228501472
23,2000,5,19,"cltn2",2,0.0163215945407169,0.00842075447199432,0.000299370679752293,0.0236498973232601,0.0172549661696475,0.037354902853025
23,2000,5,19,"clt2",2,0.0177479733168688,0.0082312571408866,0.000400232674571626,0.0332270418622872,0.0173137012064018,0.037601012864681
23,2000,5,19,"cltn1",1,0.0390477756401963,0.0443192835755258,0.00169005589334092,0.0497393053766381,0.101040008015405,0.117163518337284
23,2000,5,19,"clt1",1,0.0468533532502118,0.0443516338168486,0.00227230764362622,0.0563890722246576,0.100909826528138,0.117188853441994
24,2000,5,19,"cltn5",5,0.018177442618837,0.301292150758489,0.000369362577295763,0.0226163418666955,0.402295754905597,0.366213201777718
24,2000,5,19,"clt5",5,0.016178681028322,0.297532496967907,0.000307328918948963,0.0233308773429642,0.499503668330069,0.415820435175541
24,2000,5,19,"cltn4",4,0.0310211436574185,0.283836890638128,0.000944425232853348,0.0345409635185053,0.324534673819887,0.312022202812854
24,2000,5,19,"clt4",4,0.0201159525472485,0.247006588487879,0.000432773198603365,0.0268110511189725,0.358753718871384,0.349255129714321
24,2000,5,19,"cltn3",3,0.0285232488409178,0.216291280099914,0.000890738243396315,0.0382926182602299,0.299246275062025,0.324725760148256
24,2000,5,19,"clt3",3,0.0205081192999878,0.216062145991382,0.000595020380074393,0.0339556011280634,0.305717047643538,0.317594575573294
24,2000,5,19,"cltn2",2,0.0439472995213412,0.0199448849648704,0.00204602607198936,0.0469310546486575,0.00937825087431309,0.0387789579852228
24,2000,5,19,"clt2",2,0.0115621695525476,0.0196190614109873,0.000166123711636688,0.0205070692065839,0.00977198359461093,0.0380545421732638
24,2000,5,19,"cltn1",1,0.040377363163418,0.0409553264050089,0.00151206357166438,0.0415656546085806,0.120075130267152,0.11420606251157
24,2000,5,19,"clt1",1,0.0526242022065395,0.0405350158268347,0.00307329782342571,0.068140968847569,0.119993277382448,0.114122859664466
25,2000,5,19,"cltn5",5,0.0190914022161685,0.266199722103668,0.000422319463339777,0.0286502236607685,0.401168040958567,0.378775090669782
25,2000,5,19,"clt5",5,0.0362629073905828,0.297042370863837,0.00131914693960597,0.0394662923258265,0.480487266232963,0.408519108448388
25,2000,5,19,"cltn4",4,0.0415773001503048,0.213831592632799,0.00185888878053892,0.0470932138203425,0.284683113599698,0.319389342136771
25,2000,5,19,"clt4",4,0.0228161339693128,0.2494042009716,0.000436431396038952,0.0255667606325592,0.402087197504117,0.381064097503989
25,2000,5,19,"cltn3",3,0.0176218917847557,0.203363597268705,0.000322862096179266,0.0234071069433507,0.207661615992594,0.274716364252125
25,2000,5,19,"clt3",3,0.0359580320911738,0.118920435354443,0.00137620668764527,0.0395292597193685,0.111906517283675,0.161555164853219
25,2000,5,19,"cltn2",2,0.0264714602364697,0.0183608764060117,0.000700153603652715,0.0319954273544678,0.010061197323331,0.0456042173942673
25,2000,5,19,"clt2",2,0.0156186130565799,0.0180357334230717,0.00030218039606481,0.0288858530094761,0.00998244134200746,0.0465061083649754
25,2000,5,19,"cltn1",1,0.0546517810579215,0.0432880686719014,0.00346017658642663,0.0700202163853941,0.13115183591134,0.114179781558213
25,2000,5,19,"clt1",1,0.0440069627424729,0.0436889216025735,0.00188213356099352,0.0492485155925817,0.129164336890053,0.114391147473207
26,2000,5,19,"cltn5",5,0.056006206325621,0.281512827655802,0.00316195429145954,0.0611973639540436,0.407475088147129,0.364998221724692
26,2000,5,19,"clt5",5,0.0167855706982055,0.325555658107893,0.000345433553137691,0.0218266653019007,0.508513624967474,0.413749761691875
26,2000,5,19,"cltn4",4,0.035942634867782,0.246487772635001,0.00137485458029738,0.0451705431077895,0.363257331145494,0.340397269836836
26,2000,5,19,"clt4",4,0.0140689914940824,0.264918878789483,0.000244053902247204,0.022970978421552,0.394642132160338,0.359901093608112
26,2000,5,19,"cltn3",3,0.0310031742314009,0.189656370303656,0.000937773794706745,0.0325673546700702,0.242044466316757,0.278263246803131
26,2000,5,19,"clt3",3,0.0361994297321428,0.194357068473027,0.00163441142852009,0.0475105889662569,0.226397089837721,0.267392773505382
26,2000,5,19,"cltn2",2,0.0337570640674478,0.0243331359537747,0.0015202280360245,0.0428320081758615,0.0243146586768448,0.0378105274385942
26,2000,5,19,"clt2",2,0.0175771107293284,0.0378924172470945,0.000368196201302878,0.030537529736391,0.0294913088080715,0.0639594913345146
26,2000,5,19,"cltn1",1,0.0458690263185119,0.0457835708366476,0.0025086773729926,0.0667936544004047,0.109556980510124,0.116954795345067
26,2000,5,19,"clt1",1,0.0513155277909138,0.0464607754802566,0.00299325768851591,0.0687667664092606,0.10877923382434,0.11727123392606
27,2000,5,19,"cltn5",5,0.0291306423886382,0.254196456722247,0.00105788494526983,0.0485424468005564,0.383131389042779,0.358048542018465
27,2000,5,19,"clt5",5,0.0327770180415184,0.242523443206438,0.000962383741222424,0.0332025895746128,0.376978927113087,0.358738035450592
27,2000,5,19,"cltn4",4,0.0278930534615329,0.233756369682322,0.000951112593098615,0.0435313834823554,0.288544582994534,0.301001159616076
27,2000,5,19,"clt4",4,0.0164340909915865,0.223600568928926,0.000299425540399071,0.0252560890364503,0.34862693967254,0.332531200259721
27,2000,5,19,"cltn3",3,0.0366876299818587,0.108349173349889,0.00166472497618454,0.0542381966970643,0.134116234710831,0.188807807115813
27,2000,5,19,"clt3",3,0.0182483841371527,0.130752260006669,0.000412137949403426,0.0343389517667945,0.121454696465916,0.185695326437428
27,2000,5,19,"cltn2",2,0.0232554878486732,0.0188834033298061,0.000589590776812986,0.0379632400401254,0.00581969327508468,0.0417641479292819
27,2000,5,19,"clt2",2,0.0278836637826739,0.0191565009676691,0.00080620021475339,0.033345740446465,0.00588868661522444,0.0420270915802947
27,2000,5,19,"cltn1",1,0.0619074755830328,0.0545756655720771,0.00390042794117816,0.0696273443443524,0.0736737795989341,0.124369296050358
27,2000,5,19,"clt1",1,0.0603919039104262,0.0568082413660469,0.00378800378146015,0.0638731613086795,0.0719536950808468,0.126136266829453
28,2000,5,19,"cltn5",5,0.0149664078708868,0.220982308907097,0.000223046557883046,0.0191004360628537,0.199776663798843,0.20370878045402
28,2000,5,19,"clt5",5,0.0293594104354402,0.368330504217593,0.00108329281375005,0.0424841169084558,0.472870974944183,0.410309446491956
28,2000,5,19,"cltn4",4,0.0401004147137167,0.230931093645418,0.00152439326226883,0.0405590061491957,0.167543075640646,0.214147967019266
28,2000,5,19,"clt4",4,0.0161201731496777,0.351587992270876,0.000310897925930657,0.0270675823585423,0.368129368721981,0.356365392590608
28,2000,5,19,"cltn3",3,0.0377714122597899,0.38905790415761,0.00152575144854052,0.0483535528342828,0.33458510995773,0.338739641616477
28,2000,5,19,"clt3",3,0.0227069708190418,0.401267234478024,0.000501868176798882,0.0270241854446762,0.393097521427503,0.364863048608643
28,2000,5,19,"cltn2",2,0.0260669473366675,0.0160780564306376,0.000759245087623498,0.0376420552261477,0.0326895839389517,0.0404325788032464
28,2000,5,19,"clt2",2,0.0295781750316997,0.015778638283589,0.000747590856126652,0.0315918967815624,0.0320886288490044,0.0403986861590771
28,2000,5,19,"cltn1",1,0.0360439460025233,0.0395875342638579,0.00124073679960519,0.0350561207468227,0.12095395796579,0.114320270647793
28,2000,5,19,"clt1",1,0.042397299314229,0.0394648457403766,0.00184298509818217,0.0532319186275888,0.121814448948688,0.114228566066234
29,2000,5,19,"cltn5",5,0.0243870299010186,0.257017931160508,0.000608571848349646,0.027805523974614,0.341741292231381,0.355099606145709
29,2000,5,19,"clt5",5,0.0233730248322104,0.248215703755664,0.000574265547067791,0.0305241499082181,0.316804600629469,0.334833918127208
29,2000,5,19,"cltn4",4,0.016055894083421,0.248929974457433,0.000328678145668901,0.0240201418712983,0.354663064299958,0.361531855582336
29,2000,5,19,"clt4",4,0.0226775409255891,0.214472661136676,0.000516807341999808,0.0304182718260184,0.195881353560705,0.262405243182691
29,2000,5,19,"cltn3",3,0.0369933140324851,0.141103621835669,0.00134930062553905,0.0389833138198327,0.166674225708166,0.229519298601295
29,2000,5,19,"clt3",3,0.0526646269655729,0.142588222673933,0.00254815649596639,0.0547417229290273,0.11940644878575,0.211275177929642
29,2000,5,19,"cltn2",2,0.0158679568490628,0.0194140254653958,0.000234549571997606,0.0198379940488805,0.0163899335964923,0.038284955390868
29,2000,5,19,"clt2",2,0.0233333531859392,0.0187283692013018,0.000522167615825463,0.0297512982089572,0.015888971112319,0.0382012943748487
29,2000,5,19,"cltn1",1,0.0464763281841971,0.0550527849135741,0.00213550074094453,0.0502415627283966,0.0807584950343868,0.124302090868761
29,2000,5,19,"clt1",1,0.0548549214144278,0.0561179915842063,0.00343738183681387,0.075477575661223,0.0805121976591865,0.124898519555523
30,2000,5,19,"cltn5",5,0.0132091690770788,0.230525862496329,0.000210488278095107,0.0209838775790045,0.206234367609834,0.231620106047996
30,2000,5,19,"clt5",5,0.0346300670059275,0.261653745326712,0.00129843920687977,0.0360710986077767,0.386410554151488,0.357301041281882
30,2000,5,19,"cltn4",4,0.0386651444817874,0.184091615992498,0.00133283599088587,0.0398588230705157,0.162844880405983,0.210361513168001
30,2000,5,19,"clt4",4,0.021160032476218,0.211370954227277,0.00044113140226928,0.0266992226094109,0.217411543226611,0.25218613148503
30,2000,5,19,"cltn3",3,0.0196746950136202,0.0757062325348991,0.000408384614500258,0.0277798066951158,0.0579425225879226,0.132831473693937
30,2000,5,19,"clt3",3,0.0231850225937721,0.142226302254291,0.000513784229518223,0.029701585102936,0.100906499076714,0.148518904627835
30,2000,5,19,"cltn2",2,0.0476913429106289,0.018894132667026,0.00209110884387676,0.0451658777731354,0.00940753079440363,0.0389315324728927
30,2000,5,19,"clt2",2,0.0365941543920435,0.0176659808104924,0.00126037937589867,0.0415995625605202,0.00861813066410695,0.0387487256378554
30,2000,5,19,"cltn1",1,0.0457107868777552,0.0447481402519377,0.00247678408032949,0.0588726149266017,0.0671095397188517,0.117025601998476
30,2000,5,19,"clt1",1,0.0436919257663209,0.046510394418094,0.00182669749590046,0.0476288689919464,0.0652409739418472,0.117985599448876
31,2000,5,19,"cltn5",5,0.0209824246990885,0.291647081554574,0.000586875777328167,0.0393225338457399,0.354156353046044,0.325637037686554
31,2000,5,19,"clt5",5,0.0170978357557162,0.274980987671312,0.000324036017341051,0.026118967801753,0.261220620752128,0.260647020919727
31,2000,5,19,"cltn4",4,0.0371069669752244,0.381116474074292,0.00156644532315726,0.0474566217263068,0.524755081381463,0.410219679015747
31,2000,5,19,"clt4",4,0.0235524693572912,0.194209926175429,0.000542412139793457,0.0293385486825943,0.203062912772846,0.217404891641778
31,2000,5,19,"cltn3",3,0.0133104070819264,0.229775659781023,0.000227735749440666,0.0286877330732049,0.324543273480238,0.317393582467639
31,2000,5,19,"clt3",3,0.0276313317822733,0.299571276753795,0.000800347837438137,0.0317460131809632,0.257717487260587,0.247679887043557
31,2000,5,19,"cltn2",2,0.0164679320183397,0.0184086411006875,0.000313259704306094,0.0243165463374978,0.00659337350654242,0.044173170196945
31,2000,5,19,"clt2",2,0.0315985612134534,0.0185940260523106,0.000949237176386504,0.0349748430491207,0.00684909490809825,0.044102378775744
31,2000,5,19,"cltn1",1,0.0381991547061877,0.0373093222475345,0.00154910997127018,0.0433938878125618,0.102110477041533,0.11317421715032
31,2000,5,19,"clt1",1,0.0329849442826214,0.0374717832042649,0.00107495197508518,0.0373139751370462,0.101484585814696,0.113251672011779
32,2000,5,19,"cltn5",5,0.0209005254442677,0.227122710295972,0.000438105975940347,0.0272977833761969,0.328815431081416,0.353627951224283
32,2000,5,19,"clt5",5,0.0120196390804825,0.263798768714392,0.000164979599696507,0.0205522316474767,0.393162540815217,0.387742037556617
32,2000,5,19,"cltn4",4,0.0152928235041731,0.191011333820247,0.000221463850242803,0.0229701241850048,0.220235040918413,0.275097534096707
32,2000,5,19,"clt4",4,0.0336951692856866,0.124853117361146,0.00120253045502806,0.0360984898283342,0.0972070395724069,0.169685896862042
32,2000,5,19,"cltn3",3,0.0193136579437422,0.155035180857187,0.000386286024979484,0.0229791220604018,0.187614476921866,0.256635683512733
32,2000,5,19,"clt3",3,0.0269656098274583,0.0862506814773153,0.000716590882625107,0.035229485534696,0.0690595484196924,0.141032065836136
32,2000,5,19,"cltn2",2,0.0173767646361415,0.0149062643291922,0.000377864227101408,0.0246289643569199,0.0214144305899646,0.0452485563438712
32,2000,5,19,"clt2",2,0.0179179540999074,0.0157095498852469,0.000338157443734528,0.0270704012834014,0.0188161194778223,0.0436738959985203
32,2000,5,19,"cltn1",1,0.0503229795739874,0.0564817748078573,0.00248883307279307,0.0484016742168939,0.0881628896535358,0.125833694901626
32,2000,5,19,"clt1",1,0.052730467625958,0.0562527228367436,0.0027626258348885,0.0524208076274649,0.0884668901357085,0.125674020317935
33,2000,5,19,"cltn5",5,0.02490648424097,0.220659865635021,0.000696011065232121,0.0298688837873106,0.362384261499359,0.348077430801525
33,2000,5,19,"clt5",5,0.0134330609963688,0.30784954129375,0.000196180532680571,0.0280687414628405,0.501358747025402,0.408379224307759
33,2000,5,19,"cltn4",4,0.021157502112004,0.228088918483164,0.000521298201263957,0.0309464918827262,0.37496101309887,0.350703764230588
33,2000,5,19,"clt4",4,0.0227007983640524,0.209439025094851,0.000462426905469006,0.025911186263946,0.217669095418191,0.23135052201562
33,2000,5,19,"cltn3",3,0.0231440600429146,0.231630796842446,0.000684785082348666,0.0370712464782703,0.355048990479912,0.337488048759891
33,2000,5,19,"clt3",3,0.0163199264068698,0.202625654339924,0.000254206975818345,0.022226544253369,0.288204180372961,0.298502559959861
33,2000,5,19,"cltn2",2,0.0242465228876985,0.0133300147083351,0.000630084617937951,0.0338720698190158,0.0092568303642055,0.0432848425067896
33,2000,5,19,"clt2",2,0.0249121832275553,0.0158350492893171,0.000615189031450258,0.0270386789312085,0.0100470553745263,0.0539200841065936
33,2000,5,19,"cltn1",1,0.0487970562391295,0.044525356334761,0.00296672210871654,0.0672448058296081,0.0755841439093747,0.117332715180081
33,2000,5,19,"clt1",1,0.0475810045114873,0.0447493581094602,0.00218831710046737,0.0530674674214114,0.0751432428139455,0.1174893199395
34,2000,5,19,"cltn5",5,0.0516491411083233,0.355476424853348,0.00255546876734244,0.0566981910214092,0.472875467407253,0.393381966337629
34,2000,5,19,"clt5",5,0.0404722253644083,0.226111852607602,0.00173579599094748,0.0470976253882263,0.304367095731659,0.312690092520434
34,2000,5,19,"cltn4",4,0.0134110462558399,0.200065951795836,0.000205710356723438,0.0194053048865275,0.187655294427056,0.212558883003924
34,2000,5,19,"clt4",4,0.0278683655648622,0.322733826367642,0.000987566001955041,0.0405469844563106,0.397053769795469,0.356577016247358
34,2000,5,19,"cltn3",3,0.033572662885486,0.131765035053184,0.00113745307202158,0.0394003018684771,0.123241255028409,0.17026888438543
34,2000,5,19,"clt3",3,0.0233192763633554,0.0922185657927953,0.000639842541068641,0.0306538731247112,0.11403135647879,0.166181291282217
34,2000,5,19,"cltn2",2,0.0439181489666485,0.0149616298278142,0.00236677289244993,0.0544228594653074,0.0103811020628156,0.0356797210726547
34,2000,5,19,"clt2",2,0.0141785614104272,0.0162459681413185,0.00019480221579411,0.0192422241141006,0.0105010375303769,0.0360018601277254
34,2000,5,19,"cltn1",1,0.0564892365734751,0.0421881267456612,0.00317318080297483,0.0521931372872982,0.0854949112052788,0.115653754945534
34,2000,5,19,"clt1",1,0.0376107900545441,0.0421935701386123,0.00141560996574647,0.0451434863067164,0.0854719582085261,0.115672781156619
35,2000,5,19,"cltn5",5,0.0204222460812728,0.291182444791233,0.000529210612208479,0.0334557273691222,0.448805750935428,0.384562108742713
35,2000,5,19,"clt5",5,0.0132538038174092,0.150632322423215,0.000200650697359416,0.020990036795935,0.15182258997944,0.197268532670712
35,2000,5,19,"cltn4",4,0.013111071711205,0.0453500221085139,0.000208239437866485,0.0192624697688419,0.0521639316683443,0.0632070422445372
35,2000,5,19,"clt4",4,0.018900877966979,0.253130562154691,0.000419089964154648,0.0257272376188178,0.359869077344697,0.342750367071123
35,2000,5,19,"cltn3",3,0.0471769842450659,0.0326921698263723,0.00232438404450725,0.0490234220429369,0.0381141647434323,0.0526783109623758
35,2000,5,19,"clt3",3,0.036158674269129,0.198060729411585,0.00141062612717188,0.0420793181911874,0.323963256515791,0.322655510602077
35,2000,5,19,"cltn2",2,0.0189356262238518,0.0215913707745669,0.000402547495306809,0.0285816236576415,0.00774297544887947,0.0391707972902995
35,2000,5,19,"clt2",2,0.0126333679988471,0.0232684014847151,0.000223189383799872,0.0241505903957535,0.00673259034539523,0.0404536442816896
35,2000,5,19,"cltn1",1,0.0574806889773086,0.0484548997167336,0.00390329268093693,0.07755260460734,0.069553858976678,0.119879809669665
35,2000,5,19,"clt1",1,0.0520185308923988,0.0485568847190677,0.00271632666147998,0.0544803548488566,0.0694778739748886,0.11994325767414
36,2000,5,19,"cltn5",5,0.0140054185133946,0.247449435367196,0.00022467717241667,0.0207613669785576,0.38880873218381,0.348709778169484
36,2000,5,19,"clt5",5,0.0356958872477243,0.308036195686108,0.00114176238674052,0.0364607191151387,0.526876552722894,0.42081002111623
36,2000,5,19,"cltn4",4,0.0458092705276877,0.220053311673733,0.00191887986436382,0.0575359677486518,0.385565159914534,0.353410294741237
36,2000,5,19,"clt4",4,0.0380822570238639,0.264603635360539,0.00146849761766858,0.0511148386186952,0.412173578286985,0.371215974446921
36,2000,5,19,"cltn3",3,0.0452190867309061,0.173414778218629,0.00186222272524675,0.0483446682744588,0.217562013466314,0.24841406167998
36,2000,5,19,"clt3",3,0.0143319444832772,0.21771306036992,0.000233726234744427,0.0202987179405184,0.32108879019312,0.319146204454929
36,2000,5,19,"cltn2",2,0.0185442386988534,0.0158818295827661,0.000442381627377698,0.0293053050487136,0.00323011765435885,0.036436088932055
36,2000,5,19,"clt2",2,0.0157417134657673,0.0321290816881742,0.00026538271080096,0.0219298374193944,0.0167570821984062,0.0535806227595659
36,2000,5,19,"cltn1",1,0.0556717660101363,0.0508334598939214,0.00307571932833481,0.0598821448301371,0.0423292973952465,0.121356091456169
36,2000,5,19,"clt1",1,0.0469475992032663,0.051033909874616,0.00261310921973596,0.0633813014823211,0.042231648547045,0.121493568882703
37,2000,5,19,"cltn5",5,0.0407948599414219,0.218217547507577,0.00167871461707406,0.0501389441819901,0.259792801648086,0.28079221729436
37,2000,5,19,"clt5",5,0.0139402793657114,0.23488183655296,0.000183231359800226,0.0198752679158203,0.335614021603522,0.342505446150596
37,2000,5,19,"cltn4",4,0.0213885124234864,0.157625369735952,0.000534966185307156,0.0293961773790536,0.223103016998793,0.274404892823728
37,2000,5,19,"clt4",4,0.0159860008989128,0.207274251768436,0.000267514934190305,0.02396719557496,0.354178199396807,0.352128044015952
37,2000,5,19,"cltn3",3,0.0337091664916907,0.177239267182718,0.0011875535126227,0.0405059901928185,0.308746348121818,0.325598465779821
37,2000,5,19,"clt3",3,0.0141911523265701,0.0403686236857535,0.000188031680898357,0.0180435547412287,0.0331818577031541,0.0618913387337069
37,2000,5,19,"cltn2",2,0.019451117101367,0.0158069918885658,0.000424182605928928,0.02650888748011,0.0209685285386532,0.0453459259741905
37,2000,5,19,"clt2",2,0.0205330371904712,0.016429766139159,0.000492363977295613,0.0271332985685554,0.0202269434907088,0.0455169934261949
37,2000,5,19,"cltn1",1,0.0468520247945793,0.0476592758956757,0.0020769708741393,0.0451401062643262,0.120141311007238,0.119332644083319
37,2000,5,19,"clt1",1,0.0484407697278379,0.0475329097219378,0.00251536541964702,0.0614253249592391,0.120308778743453,0.119257049597656
38,2000,5,19,"cltn5",5,0.0574142604176078,0.310813604656296,0.0035712344833479,0.0635760545569953,0.431348722451511,0.398369827108687
38,2000,5,19,"clt5",5,0.0449647023872453,0.313069080731152,0.00203987564298272,0.050310610705723,0.443376554681131,0.403252495136883
38,2000,5,19,"cltn4",4,0.0296396825292429,0.222933546984466,0.00119363868622409,0.0508548027272191,0.303162942922121,0.333147152832629
38,2000,5,19,"clt4",4,0.0216964448230471,0.259468314121952,0.000539503230774408,0.0352844608003021,0.248075058386767,0.289419598310671
38,2000,5,19,"cltn3",3,0.0292322272513248,0.259909451800545,0.00101479247643905,0.0366000702743921,0.226894734174588,0.245078850861016
38,2000,5,19,"clt3",3,0.0454728477235987,0.259471531605727,0.00249795329481267,0.0558964074533276,0.217044926106092,0.236673753590152
38,2000,5,19,"cltn2",2,0.0198909849191696,0.0235631562266434,0.00043898093756703,0.0240495683716659,0.00921048964805958,0.0466540732401863
38,2000,5,19,"clt2",2,0.0456208471738654,0.0230998556103499,0.00212159136517401,0.0495907242433102,0.00763039193047522,0.0459473435918039
38,2000,5,19,"cltn1",1,0.0442593303500331,0.0424962067486386,0.00217742089788126,0.0559238439276276,0.0864299988499055,0.115829343710952
38,2000,5,19,"clt1",1,0.0461557656843504,0.0436791357049758,0.00207684712933256,0.0489016351379516,0.0825021061718238,0.116645574728946
39,2000,5,19,"cltn5",5,0.0194157098439989,0.352386353675736,0.000421770605375977,0.0301660461529157,0.383017034843985,0.380288150034076
39,2000,5,19,"clt5",5,0.0213457094723163,0.33248960831489,0.000489788728073462,0.0317029300801911,0.458810202500073,0.40917763600406
39,2000,5,19,"cltn4",4,0.0135004566853304,0.120390155621575,0.000168407279152031,0.0172960323816455,0.130533832700758,0.191609050462108
39,2000,5,19,"clt4",4,0.015523444809405,0.309296309012189,0.000253752321698946,0.0242612718122452,0.442189553851798,0.400370676830922
39,2000,5,19,"cltn3",3,0.0162330386362024,0.147790166218152,0.000335838279929123,0.0293100262279498,0.13641837877372,0.200270140211482
39,2000,5,19,"clt3",3,0.0249865263213347,0.169612473988764,0.000629229755177372,0.0282756481352752,0.161270997816814,0.245637868275295
39,2000,5,19,"cltn2",2,0.0255967265571009,0.00923339367428887,0.000755855850762124,0.0376819564180012,0.00379238433793053,0.0364635774117187
39,2000,5,19,"clt2",2,0.0279977949135131,0.00867536115838364,0.000912693839375367,0.0430766697087969,0.00382744755703432,0.0362854651566044
39,2000,5,19,"cltn1",1,0.0429154007172899,0.0424220873918727,0.00178748419334702,0.0421753060780236,0.0810398086675891,0.116022950987404
39,2000,5,19,"clt1",1,0.0541941132355445,0.0426376436233265,0.00286446123053612,0.0560905546792177,0.0803634712830757,0.116157971591142
40,2000,5,19,"cltn5",5,0.033881964753682,0.238588213729306,0.00130808673318332,0.0468489264318968,0.313743410111502,0.325194967624744
40,2000,5,19,"clt5",5,0.0228776550819485,0.267117985983322,0.00055271407925781,0.0269513369444647,0.361403651376316,0.349484884443939
40,2000,5,19,"cltn4",4,0.0302769654820716,0.191377685033458,0.00112913225996621,0.0445810456053803,0.195378164576098,0.246830181677534
40,2000,5,19,"clt4",4,0.023507163049374,0.242902524532578,0.000553096036600476,0.0286519660301862,0.270772406330479,0.290306316870823
40,2000,5,19,"cltn3",3,0.0314945728659995,0.153100968118987,0.00101562113242812,0.0328169827609371,0.128854563235477,0.182160446887549
40,2000,5,19,"clt3",3,0.0231287037625065,0.221765491217025,0.000680270858158877,0.0370835045988822,0.224766831956087,0.267092395705419
40,2000,5,19,"cltn2",2,0.0164941657686927,0.0203495437977069,0.000303590827712072,0.0252708537416576,0.0153013601378328,0.0455668975338441
40,2000,5,19,"clt2",2,0.0217248278849805,0.0216564424699488,0.000479826309084999,0.0242218417041732,0.013084509348972,0.0460796841136506
40,2000,5,19,"cltn1",1,0.0414469491734752,0.0493141285638977,0.00193569530340696,0.0518783825383667,0.106529036500735,0.120586480053609
40,2000,5,19,"clt1",1,0.0458286207512416,0.0496098530876047,0.00263834514102533,0.0599155582163532,0.106078721505936,0.120766848561024
41,2000,5,19,"cltn5",5,0.0369743170453559,0.225809358842892,0.00204278269743932,0.0527033497242718,0.334197967221813,0.333377227358269
41,2000,5,19,"clt5",5,0.0266618284274249,0.223571355134299,0.000755055531308629,0.0355846376341686,0.302710111869635,0.307543282287921
41,2000,5,19,"cltn4",4,0.0231508890387604,0.192981271590663,0.000595712112255878,0.0345855863131273,0.256400985392205,0.290137501862401
41,2000,5,19,"clt4",4,0.0174435200961528,0.170568614437863,0.000407936365899415,0.0277465858441471,0.192276624736215,0.221204482040637
41,2000,5,19,"cltn3",3,0.017378753858867,0.139756376470906,0.000341416134225305,0.0271654925304058,0.224145122791109,0.268807446912775
41,2000,5,19,"clt3",3,0.0156057843724525,0.168322963173343,0.000247513609629313,0.0216885514765588,0.189691003829959,0.239772695606192
41,2000,5,19,"cltn2",2,0.0142148947086544,0.0189339046848552,0.000201232472548909,0.0213600984248854,0.00799888967062855,0.0446825950117827
41,2000,5,19,"clt2",2,0.0218364015413208,0.0189745342395839,0.000444959291835835,0.023959720757684,0.00856575671494146,0.0448174446323372
41,2000,5,19,"cltn1",1,0.0399117500806436,0.0424449253642225,0.00148107229055991,0.0359361979105042,0.0990044351410096,0.11600926630083
41,2000,5,19,"clt1",1,0.0427008720486977,0.0426501787345595,0.00208036727494716,0.0573164764228813,0.0984887519733197,0.116163991385876
42,2000,5,19,"cltn5",5,0.0169788130005215,0.305784592135863,0.000283955066866184,0.0229047614988248,0.424875990242514,0.378570330357721
42,2000,5,19,"clt5",5,0.0304976009343115,0.335564220674086,0.00096999681188366,0.0348140407140692,0.48307155426645,0.405000646166446
42,2000,5,19,"cltn4",4,0.0164566518599712,0.184776091913764,0.000283243003198473,0.0231233825249991,0.165578157592231,0.217174070103576
42,2000,5,19,"clt4",4,0.0262760394015224,0.298965948413639,0.000837493440298296,0.0344913910253076,0.41563237540798,0.376045100996755
42,2000,5,19,"cltn3",3,0.0251758256944311,0.161500113141247,0.000801037267893037,0.0400667275468397,0.162471521064822,0.203442660900357
42,2000,5,19,"clt3",3,0.0344734992612606,0.40198671073863,0.00128682797523524,0.0421189263166775,0.457042375511343,0.392773934527454
42,2000,5,19,"cltn2",2,0.0274078612767015,0.0204907755512549,0.00109121417133004,0.0456639761495649,0.0062484909652475,0.0419134436501965
42,2000,5,19,"clt2",2,0.0249378452361886,0.0378184570330027,0.000613310304098965,0.0335282967193502,0.027007825581654,0.0766326654603268
42,2000,5,19,"cltn1",1,0.0429283737819555,0.0459876127501882,0.0023555279487562,0.0597665101758989,0.106543629774342,0.116301487271473
42,2000,5,19,"clt1",1,0.0465156066780567,0.0454587985852804,0.0024526006548772,0.0623901182432166,0.104938132060957,0.116383531517876
43,2000,5,19,"cltn5",5,0.0411388832790782,0.239721942974179,0.00204411915938326,0.0508906020776548,0.271283304284746,0.329122272171333
43,2000,5,19,"clt5",5,0.0164853798090765,0.143539429617109,0.000382537372406134,0.0253336699538812,0.100560083768231,0.182326809257618
43,2000,5,19,"cltn4",4,0.0288173662653253,0.209988954185491,0.000833496719942253,0.0328628363843664,0.22799401126143,0.301101813861072
43,2000,5,19,"clt4",4,0.0238077210328948,0.201961262552721,0.000546199391790858,0.0263258766593494,0.230149841260669,0.295850727113257
43,2000,5,19,"cltn3",3,0.0217535291535301,0.191410284983064,0.000554186972041568,0.0285484738168925,0.189191397291785,0.273991753268027
43,2000,5,19,"clt3",3,0.0240902457354457,0.181115099657793,0.000607115266829651,0.0310239756785426,0.167779146464586,0.251475130485144
43,2000,5,19,"cltn2",2,0.0258849886421469,0.017472191518268,0.000710346397679625,0.0304207675250484,0.0114112675466541,0.045322794258645
43,2000,5,19,"clt2",2,0.0207521186018668,0.0175256315132033,0.000403647917894913,0.0248068482606324,0.0118868194407729,0.0456936584214592
43,2000,5,19,"cltn1",1,0.0468702641518689,0.048745716819288,0.00225031085325958,0.0586403784509762,0.0682209383416205,0.120089974718979
43,2000,5,19,"clt1",1,0.0436903601481917,0.0484359839281791,0.00194451763221058,0.0494382858549969,0.0688592360618927,0.119850973063026
44,2000,5,19,"cltn5",5,0.0430004129330649,0.333321223499227,0.00177424064552915,0.0446936986353719,0.432526658284951,0.380755456977221
44,2000,5,19,"clt5",5,0.0191160153212,0.343659685579551,0.000376492904872514,0.0272584263571275,0.305118297082032,0.304332381193545
44,2000,5,19,"cltn4",4,0.0263660015114619,0.361722750486723,0.000752489473962379,0.0314110567302961,0.397715903555739,0.370380193872987
44,2000,5,19,"clt4",4,0.022832248126075,0.370109607005499,0.000514490724442555,0.0287104619897433,0.351958020735293,0.325269710715458
44,2000,5,19,"cltn3",3,0.0140307035685122,0.280752609698099,0.000275097070468674,0.0264052340538942,0.242101374212772,0.260741765042007
44,2000,5,19,"clt3",3,0.0194470412355188,0.248723108718219,0.000401401317462654,0.0286384133515784,0.14117610820597,0.185498522223015
44,2000,5,19,"cltn2",2,0.0130190172612525,0.0105375508839039,0.000191552609979051,0.0197882801462143,0.00651246781492196,0.0389592059981646
44,2000,5,19,"clt2",2,0.013780503528218,0.0106203594653232,0.000193265974347991,0.020913339437266,0.00647123056117797,0.0389952714144264
44,2000,5,19,"cltn1",1,0.0484698029448387,0.0454512023819233,0.00234556091217577,0.053964016680214,0.0763621987009824,0.116730054637329
44,2000,5,19,"clt1",1,0.0472336232567419,0.0452088455819545,0.00218579596923458,0.0545391373463368,0.0746301694869421,0.116889466619339
45,2000,5,19,"cltn5",5,0.0185731952278653,0.234494796519351,0.000355236593462312,0.0264384767785088,0.328197907934822,0.34229805885164
45,2000,5,19,"clt5",5,0.0247591600686686,0.287345907327079,0.000585087723440527,0.0284029162328007,0.431154961063597,0.390569415010252
45,2000,5,19,"cltn4",4,0.0279492450039475,0.196904153731048,0.000839566207534279,0.0363529214030443,0.169403187258361,0.243685886058903
45,2000,5,19,"clt4",4,0.0291715486296505,0.21193013644448,0.000898217528916069,0.034309442820947,0.278201332618822,0.316168415454387
45,2000,5,19,"cltn3",3,0.0238527960265026,0.0978367575058395,0.000662014780220247,0.0325240649653644,0.126360248292315,0.184649251412277
45,2000,5,19,"clt3",3,0.0253551842776071,0.199578625220123,0.00063396382239423,0.030619626246526,0.221810951354412,0.286882679540795
45,2000,5,19,"cltn2",2,0.0178230413876834,0.0135653995305382,0.000346655837464444,0.027202670142662,0.00781305669564303,0.0416245849461758
45,2000,5,19,"clt2",2,0.025533238611759,0.0145753346074619,0.000862865458585803,0.0468616319020802,0.00760572629127783,0.042128543341122
45,2000,5,19,"cltn1",1,0.0472674912348407,0.0402890147464692,0.00242394714360905,0.0595808978657723,0.117591523012,0.114754309946107
45,2000,5,19,"clt1",1,0.0376129364158111,0.041085025646751,0.00133279404196229,0.0448099620366401,0.114741116676975,0.115217373969692
46,2000,5,19,"cltn5",5,0.0369638866379166,0.289889161232994,0.00157770677108077,0.0511430102441776,0.462779903325664,0.393669042339052
46,2000,5,19,"clt5",5,0.023959580858945,0.320149519509018,0.00064651142061466,0.0329621115040962,0.465312339945386,0.398494975546601
46,2000,5,19,"cltn4",4,0.0467401609905705,0.251359822126331,0.00222577958986758,0.04780921487386,0.310631879450463,0.318709014674881
46,2000,5,19,"clt4",4,0.0323492174210312,0.255744145648736,0.00113779890887343,0.0461489211204594,0.312941642290797,0.32539731413077
46,2000,5,19,"cltn3",3,0.0311115665498273,0.187031798615497,0.00132959839222433,0.0481815816613415,0.205954608814857,0.266847332303724
46,2000,5,19,"clt3",3,0.0369196416026673,0.27588226805081,0.00168866502120086,0.057107576416811,0.345696287574237,0.344563638270277
46,2000,5,19,"cltn2",2,0.0406988343711845,0.0242362847767362,0.00157622788248153,0.0402104147106067,0.0178885015288881,0.0469876710273089
46,2000,5,19,"clt2",2,0.0289184217610933,0.0243320960502465,0.00087770270050021,0.0344399020276309,0.0178246335157686,0.0474621982735892
46,2000,5,19,"cltn1",1,0.0630024640854118,0.0544464445971747,0.00445265627397677,0.0788687128199407,0.0726148236323277,0.123849483129299
46,2000,5,19,"clt1",1,0.0670074760437024,0.0539126711160042,0.00454443472202038,0.0723631458752034,0.0728529047786178,0.123552809708022
47,2000,5,19,"cltn5",5,0.0241049815665947,0.253634143670965,0.000621600401642216,0.0321535668593834,0.411296925983538,0.378350267713532
47,2000,5,19,"clt5",5,0.0190416531071071,0.281951128421918,0.000433890200939208,0.0276294201789775,0.471190461846245,0.400818622173261
47,2000,5,19,"cltn4",4,0.0301425750695681,0.135741997656791,0.00105393617187972,0.0398827988786076,0.206942955664121,0.251853436797212
47,2000,5,19,"clt4",4,0.0355220009452115,0.18055811705859,0.0012211148009176,0.0414575467668834,0.229382482448028,0.263311304201066
47,2000,5,19,"cltn3",3,0.0181592052135693,0.148229095461063,0.000412069465928886,0.0315870261690515,0.224025345098228,0.258154408298814
47,2000,5,19,"clt3",3,0.0178981177976466,0.122862724787915,0.000322437574070492,0.0235878894886924,0.212837569759965,0.248783403895972
47,2000,5,19,"cltn2",2,0.0253137026376832,0.0201246669000653,0.000851007735249624,0.0432675971341869,0.014456915828163,0.0446959587980672
47,2000,5,19,"clt2",2,0.0113052150283721,0.0197343993416372,0.000138135972886141,0.0185298057297515,0.0136921749230134,0.0440344747943767
47,2000,5,19,"cltn1",1,0.0576453310489431,0.0477269777057097,0.00397430829846787,0.0762964456474069,0.0980925320140706,0.117647260954285
47,2000,5,19,"clt1",1,0.0419603983550728,0.0481335798481836,0.00223217480274008,0.0578318619336683,0.0971079268426408,0.117934114795963
48,2000,5,19,"cltn5",5,0.0216051241804572,0.261149584880661,0.000531878052709781,0.0295533675875541,0.341308662914658,0.351934013889838
48,2000,5,19,"clt5",5,0.0307149524934624,0.206845568049741,0.000851806897032423,0.0317589797922072,0.14624154369157,0.233647967451389
48,2000,5,19,"cltn4",4,0.0226234928138457,0.222464492351879,0.000626221201203378,0.0314679512921355,0.329162853092084,0.33488230575908
48,2000,5,19,"clt4",4,0.0189580584105429,0.13936131141753,0.00038325070788157,0.0317729987582524,0.106710248722903,0.200206384099595
48,2000,5,19,"cltn3",3,0.0184115702380433,0.144656201517749,0.000437833291736888,0.0320469226563809,0.129059679228162,0.207289262032492
48,2000,5,19,"clt3",3,0.014687500698813,0.177865969918463,0.000226476488228017,0.0181257170962662,0.110305006135379,0.175083443031359
48,2000,5,19,"cltn2",2,0.0182467676869148,0.00828679473716777,0.000369945175392149,0.0284623732623314,0.0250063455839071,0.0369316117596372
48,2000,5,19,"clt2",2,0.0121782485789204,0.00836872181789962,0.000166002157786192,0.0168251675076627,0.0252668108629559,0.0371885649561898
48,2000,5,19,"cltn1",1,0.0450929371442282,0.0450871013815335,0.00202204711714663,0.0478842608352951,0.155983352121943,0.117568159359412
48,2000,5,19,"clt1",1,0.0518478259292369,0.0452863203332125,0.00263037216966009,0.0550100071148611,0.154998675335509,0.117776885068013
49,2000,5,19,"cltn5",5,0.0289369934740837,0.335229226782123,0.000768673111311742,0.0279036584753976,0.475102784502282,0.413626318111936
49,2000,5,19,"clt5",5,0.0282436897936537,0.340607453486731,0.000876744662106126,0.0406942160887512,0.523947576083743,0.435181088341693
49,2000,5,19,"cltn4",4,0.0203312166601263,0.287373211969054,0.000443641279029086,0.0275955214109501,0.427099377307521,0.391118794658919
49,2000,5,19,"clt4",4,0.0213586608843396,0.269993476973792,0.000424340226735975,0.0318376692792582,0.424893017611204,0.388784120388328
49,2000,5,19,"cltn3",3,0.0208647663163957,0.157989912900583,0.000434769317849625,0.0270006865588277,0.154571741613958,0.211550903677313
49,2000,5,19,"clt3",3,0.044242000241572,0.263363501278597,0.00195929223114913,0.0577010151121145,0.400278577999757,0.379472522249325
49,2000,5,19,"cltn2",2,0.0203983712284694,0.0176892644832434,0.00045767405394591,0.0285277610244358,0.00848700725723736,0.0520329681756069
49,2000,5,19,"clt2",2,0.0368065170016526,0.0441864247251169,0.00147944148194468,0.0490340436473827,0.0590983534135028,0.10428306308824
49,2000,5,19,"cltn1",1,0.0474442721593102,0.0368252724116281,0.00209265087859716,0.0453491164528581,0.144478411277395,0.112857538210551
49,2000,5,19,"clt1",1,0.036453286120262,0.0366376529388982,0.0014594113199442,0.0456965907397252,0.145858995106091,0.112786750959105
50,2000,5,19,"cltn5",5,0.0250796005570189,0.242759383701975,0.000811858889014562,0.0359570232060346,0.310731845354473,0.32822753767815
50,2000,5,19,"clt5",5,0.0137145804544049,0.303585794037659,0.000187550045978695,0.0205905578631274,0.405408104522267,0.379560658197249
50,2000,5,19,"cltn4",4,0.0161343529442868,0.177277137810566,0.000260354577798981,0.0222393614600225,0.200248387725508,0.254105090477368
50,2000,5,19,"clt4",4,0.0246779805644559,0.237356201679786,0.000633766008735588,0.0300817978453361,0.304835327110683,0.329869327483732
50,2000,5,19,"cltn3",3,0.0128298971108529,0.111457053416152,0.000168793645254501,0.0211291626652196,0.100388173753598,0.174924663206193
50,2000,5,19,"clt3",3,0.0235142565222874,0.187513790577126,0.00070991242414168,0.0352918766872457,0.199224640837732,0.268223368189497
50,2000,5,19,"cltn2",2,0.0152869053915225,0.0123343928465782,0.000312343353482145,0.0271485527947799,0.0196544038796239,0.0345105276533449
50,2000,5,19,"clt2",2,0.0271420932455036,0.0117500543577756,0.000730992925555595,0.0310056520762512,0.0190508346278633,0.0345687550389693
50,2000,5,19,"cltn1",1,0.0521713488989861,0.0440488970046016,0.00270840325592089,0.0602859498176042,0.130590670566905,0.117035964315585
50,2000,5,19,"clt1",1,0.0515243968184633,0.0446407466900584,0.00315170609850781,0.0670005604145623,0.128833585502073,0.117421838236097
